;number;gas_limit;gas_used;uncles;block_fee;block_reward
0;8927400;9929026;3133147;[];0.009929026;3.003133147
1;8927401;9938721;6960816;[];0.009938721;3.006960816
2;8927402;9948425;9945509;[];0.009948425;3.009945509
3;8927403;9958139;9943134;[];0.009958139;3.009943134
4;8927404;9967862;8582982;[];0.009967862;3.008582982
5;8927405;9958143;76930;[];0.009958143;3.00007693
6;8927406;9967866;5255936;[];0.009967866;3.005255936
7;8927407;9977599;9976052;[];0.009977599;3.009976052
8;8927408;9967874;991992;[];0.009967874;3.000991992
9;8927409;9977607;9942448;[];0.009977607;3.009942448
10;8927410;9982429;9977142;[];0.009982429;3.009977142
11;8927411;9987296;9974459;[];0.009987296;3.009974459
12;8927412;9997048;9988473;[];0.009997048;3.009988473
13;8927413;10001918;9997505;[];0.010001918;3.009997505
14;8927414;9992152;9988557;[];0.009992152;3.009988557
15;8927415;10000000;9990618;[];0.01;3.009990618
16;8927416;9990236;9982146;[];0.009990236;3.009982146
17;8927417;9980481;0;[];0.009980481;3.0
18;8927418;9970760;1847676;[];0.00997076;3.001847676
19;8927419;9961029;1184816;[];0.009961029;3.001184816
20;8927420;9951335;2885466;[];0.009951335;3.002885466
21;8927421;9961052;9953607;[];0.009961052;3.009953607
22;8927422;9951335;683291;[HexBytes('0x76041065a1e0a2bf00c733601c7ec36830e1616714e17624b32bf9e4fb09c6fd')];0.009951335;3.000683291
23;8927423;9941618;1435875;[];0.009941618;3.001435875
24;8927424;9934014;9925010;[];0.009934014;3.00992501
25;8927425;9938852;9937843;[];0.009938852;3.009937843
26;8927426;9943705;9926184;[];0.009943705;3.009926184
27;8927427;9953414;9938658;[];0.009953414;3.009938658
28;8927428;9963133;9900194;[];0.009963133;3.009900194
29;8927429;9972861;5127228;[];0.009972861;3.005127228
30;8927430;9970633;9774047;[];0.009970633;3.009774047
31;8927431;9975215;9968734;[];0.009975215;3.009968734
32;8927432;9984955;9980461;[];0.009984955;3.009980461
33;8927433;9994704;9994350;[];0.009994704;3.00999435
34;8927434;9999585;7020919;[];0.009999585;3.007020919
35;8927435;9989852;1437165;[];0.009989852;3.001437165
36;8927436;9980121;2535451;[];0.009980121;3.002535451
37;8927437;9970376;0;[];0.009970376;3.0
38;8927438;9960641;9953493;[];0.009960641;3.009953493
39;8927439;9970367;9949461;[];0.009970367;3.009949461
40;8927440;9960632;9943143;[HexBytes('0x078dd5df4ba1cb7fe23c9079b347680158b9a03d5b0dea3cc9403a2a17fced29')];0.009960632;3.009943143
41;8927441;9950906;0;[];0.009950906;3.0
42;8927442;9941197;2570849;[];0.009941197;3.002570849
43;8927443;9931503;447139;[];0.009931503;3.000447139
44;8927444;9921806;9856451;[];0.009921806;3.009856451
45;8927445;9931494;8882825;[];0.009931494;3.008882825
46;8927446;9934808;9916476;[];0.009934808;3.009916476
47;8927447;9944508;9935721;[];0.009944508;3.009935721
48;8927448;9954218;9943633;[HexBytes('0xd86b72808d97122d43a4e5d9387aae7cc7972315460a247da64c24008ca9c1d5')];0.009954218;3.009943633
49;8927449;9944527;916529;[];0.009944527;3.000916529
50;8927450;9954237;9949894;[];0.009954237;3.009949894
51;8927451;9963956;9647479;[];0.009963956;3.009647479
52;8927452;9973685;3640610;[];0.009973685;3.00364061
53;8927453;9963952;310382;[];0.009963952;3.000310382
54;8927454;9954677;5008116;[];0.009954677;3.005008116
55;8927455;9964397;9951540;[];0.009964397;3.00995154
56;8927456;9969245;9952327;[];0.009969245;3.009952327
57;8927457;9978979;9958165;[];0.009978979;3.009958165
58;8927458;9983822;9978384;[];0.009983822;3.009978384
59;8927459;9974074;9968893;[];0.009974074;3.009968893
60;8927460;9964335;9963356;[];0.009964335;3.009963356
61;8927461;9969200;9953213;[];0.0099692;3.009953213
62;8927462;9978934;9675505;[];0.009978934;3.009675505
63;8927463;9988678;9971511;[];0.009988678;3.009971511
64;8927464;9978925;856374;[HexBytes('0xcfab3daa64b4ae4eb8770058da783fc0846bc3468a6d7ebce265e0eb7bf0ce44')];0.009978925;3.000856374
65;8927465;9970435;9958237;[];0.009970435;3.009958237
66;8927466;9975287;9962207;[];0.009975287;3.009962207
67;8927467;9985027;9977454;[];0.009985027;3.009977454
68;8927468;9994777;9940759;[];0.009994777;3.009940759
69;8927469;10000000;1961738;[];0.01;3.001961738
70;8927470;10000000;9916248;[];0.01;3.009916248
71;8927471;9990236;0;[];0.009990236;3.0
72;8927472;9999991;9447260;[];0.009999991;3.00944726
73;8927473;9990227;9979991;[];0.009990227;3.009979991
74;8927474;9980472;9110099;[];0.009980472;3.009110099
75;8927475;9984071;0;[];0.009984071;3.0
76;8927476;9974349;9971505;[];0.009974349;3.009971505
77;8927477;9984088;2742787;[];0.009984088;3.002742787
78;8927478;9993837;8833595;[];0.009993837;3.008833595
79;8927479;10000000;9112367;[];0.01;3.009112367
80;8927480;9990259;9987726;[];0.009990259;3.009987726
81;8927481;10000000;8017155;[];0.01;3.008017155
82;8927482;9990236;2503180;[];0.009990236;3.00250318
83;8927483;9980491;223089;[];0.009980491;3.000223089
84;8927484;9971072;9950330;[];0.009971072;3.00995033
85;8927485;9975911;9972590;[];0.009975911;3.00997259
86;8927486;9966170;9922313;[];0.00996617;3.009922313
87;8927487;9970973;9266299;[];0.009970973;3.009266299
88;8927488;9961237;7973734;[];0.009961237;3.007973734
89;8927489;9963191;9724993;[];0.009963191;3.009724993
90;8927490;9953481;1068515;[HexBytes('0xc72c7ee9266b269558d6e561df735e6dac055af4bda1ad71d6e5d69ac87f5c0a')];0.009953481;3.001068515
91;8927491;9945327;0;[];0.009945327;3.0
92;8927492;9955038;9953941;[];0.009955038;3.009953941
93;8927493;9959898;9949377;[];0.009959898;3.009949377
94;8927494;9950173;4611558;[];0.009950173;3.004611558
95;8927495;9940458;9930603;[];0.009940458;3.009930603
96;8927496;9950164;2714914;[];0.009950164;3.002714914
97;8927497;9959879;9939000;[];0.009959879;3.009939
98;8927498;9964713;9935324;[];0.009964713;3.009935324
99;8927499;9969536;9939518;[];0.009969536;3.009939518
100;8927500;9959802;9952904;[];0.009959802;3.009952904
101;8927501;9964656;9411307;[];0.009964656;3.009411307
102;8927502;9974386;6500343;[];0.009974386;3.006500343
103;8927503;9964647;846905;[];0.009964647;3.000846905
104;8927504;9954917;6951412;[];0.009954917;3.006951412
105;8927505;9955379;6565760;[];0.009955379;3.00656576
106;8927506;9945674;526654;[];0.009945674;3.000526654
107;8927507;9935963;9934689;[];0.009935963;3.009934689
108;8927508;9926261;9922046;[];0.009926261;3.009922046
109;8927509;9935953;9073147;[];0.009935953;3.009073147
110;8927510;9945655;9943908;[];0.009945655;3.009943908
111;8927511;9935944;9930255;[];0.009935944;3.009930255
112;8927512;9945646;9910012;[];0.009945646;3.009910012
113;8927513;9955357;0;[];0.009955357;3.0
114;8927514;9945636;1827236;[];0.009945636;3.001827236
115;8927515;9938601;9574341;[];0.009938601;3.009574341
116;8927516;9948305;8212226;[];0.009948305;3.008212226
117;8927517;9938591;9926903;[];0.009938591;3.009926903
118;8927518;9928887;9695501;[];0.009928887;3.009695501
119;8927519;9938582;9185281;[];0.009938582;3.009185281
120;8927520;9942333;8481886;[];0.009942333;3.008481886
121;8927521;9952041;2421991;[];0.009952041;3.002421991
122;8927522;9945871;9196692;[];0.009945871;3.009196692
123;8927523;9955582;9226636;[];0.009955582;3.009226636
124;8927524;9945896;314535;[];0.009945896;3.000314535
125;8927525;9936202;9919842;[];0.009936202;3.009919842
126;8927526;9941031;9504612;[];0.009941031;3.009504612
127;8927527;9931324;8060187;[];0.009931324;3.008060187
128;8927528;9933433;7293203;[];0.009933433;3.007293203
129;8927529;9943132;9927083;[];0.009943132;3.009927083
130;8927530;9952841;9940717;[];0.009952841;3.009940717
131;8927531;9943123;7649880;[];0.009943123;3.00764988
132;8927532;9933427;9916027;[];0.009933427;3.009916027
133;8927533;9938253;9932321;[];0.009938253;3.009932321
134;8927534;9943098;9894354;[];0.009943098;3.009894354
135;8927535;9933390;9879494;[];0.00993339;3.009879494
136;8927536;9943089;9936209;[];0.009943089;3.009936209
137;8927537;9933390;817279;[];0.00993339;3.000817279
138;8927538;9943089;8381253;[];0.009943089;3.008381253
139;8927539;9933380;9916632;[];0.00993338;3.009916632
140;8927540;9923681;9920205;[];0.009923681;3.009920205
141;8927541;9933371;9760536;[];0.009933371;3.009760536
142;8927542;9923672;0;[];0.009923672;3.0
143;8927543;9933362;8677510;[];0.009933362;3.00867751
144;8927544;9943061;9931211;[];0.009943061;3.009931211
145;8927545;9933352;8673415;[];0.009933352;3.008673415
146;8927546;9936358;7869890;[];0.009936358;3.00786989
147;8927547;9946060;444746;[HexBytes('0xdd5e5c8015735f793818d1b8c0daf30d0dfd28451fc2642ddf9bd783bee8c1d8')];0.00994606;3.000444746
148;8927548;9936350;6459912;[];0.00993635;3.006459912
149;8927549;9926656;9908983;[];0.009926656;3.009908983
150;8927550;9916999;9905263;[];0.009916999;3.009905263
151;8927551;9921825;7862724;[];0.009921825;3.007862724
152;8927552;9923654;7850652;[];0.009923654;3.007850652
153;8927553;9933344;9781737;[];0.009933344;3.009781737
154;8927554;9943043;5736476;[];0.009943043;3.005736476
155;8927555;9952752;9652460;[];0.009952752;3.00965246
156;8927556;9962470;9456814;[];0.00996247;3.009456814
157;8927557;9952778;4428009;[];0.009952778;3.004428009
158;8927558;9949546;7471739;[HexBytes('0xd5f1ffb1fdf68aea667f0d110081597f6c3ddda30d56ede2910b8e8900a2ac64')];0.009949546;3.007471739
159;8927559;9959261;9123129;[];0.009959261;3.009123129
160;8927560;9968985;8547069;[];0.009968985;3.008547069
161;8927561;9978719;2735137;[HexBytes('0x67beab3da6bd72aac005f970d26d24d6655744c830997d4ee02f37a03b4ca144')];0.009978719;3.002735137
162;8927562;9972982;0;[];0.009972982;3.0
163;8927563;9963244;7653985;[];0.009963244;3.007653985
164;8927564;9964727;9934263;[];0.009964727;3.009934263
165;8927565;9954998;9935198;[];0.009954998;3.009935198
166;8927566;9945278;7285288;[];0.009945278;3.007285288
167;8927567;9935567;9924391;[];0.009935567;3.009924391
168;8927568;9940403;9939106;[];0.009940403;3.009939106
169;8927569;9950109;9930514;[];0.009950109;3.009930514
170;8927570;9954940;9929794;[];0.00995494;3.009929794
171;8927571;9959765;9951820;[];0.009959765;3.00995182
172;8927572;9969490;6490291;[];0.00996949;3.006490291
173;8927573;9969263;9954363;[];0.009969263;3.009954363
174;8927574;9978997;9959494;[];0.009978997;3.009959494
175;8927575;9988741;5891812;[];0.009988741;3.005891812
176;8927576;9987618;9979916;[];0.009987618;3.009979916
177;8927577;9992485;9944600;[];0.009992485;3.0099446
178;8927578;9982728;9690302;[];0.009982728;3.009690302
179;8927579;9992475;8844670;[];0.009992475;3.00884467
180;8927580;9995674;8023631;[];0.009995674;3.008023631
181;8927581;9985914;6630387;[];0.009985914;3.006630387
182;8927582;9976199;3634387;[];0.009976199;3.003634387
183;8927583;9971781;945686;[];0.009971781;3.000945686
184;8927584;9962044;9911973;[HexBytes('0x7b1c9799a6734ff5768e598a0afd0bdd9f062879df9df4abc31e1dfb5cd1b3cd')];0.009962044;3.009911973
185;8927585;9966836;9949005;[];0.009966836;3.009949005
186;8927586;9971677;9953009;[];0.009971677;3.009953009
187;8927587;9976520;6307822;[];0.00997652;3.006307822
188;8927588;9976018;7132440;[];0.009976018;3.00713244
189;8927589;9976724;7210736;[HexBytes('0x8205746be6cc691754430e3087442753e64872989a8cc84fadf1fe72b2baa312')];0.009976724;3.007210736
190;8927590;9966983;0;[];0.009966983;3.0
191;8927591;9957251;8185057;[];0.009957251;3.008185057
192;8927592;9947529;9946882;[];0.009947529;3.009946882
193;8927593;9957242;9957220;[];0.009957242;3.00995722
194;8927594;9962105;8458618;[];0.009962105;3.008458618
195;8927595;9971832;9965761;[];0.009971832;3.009965761
196;8927596;9976693;3278873;[HexBytes('0x303569760f324d2fc54b624589b95d860eeff78d67a4305965f6510610ed6302')];0.009976693;3.003278873
197;8927597;9966986;136879;[];0.009966986;3.000136879
198;8927598;9976718;9958105;[];0.009976718;3.009958105
199;8927599;9981564;9972046;[];0.009981564;3.009972046
200;8927600;9986425;9982316;[];0.009986425;3.009982316
201;8927601;9996176;9904389;[];0.009996176;3.009904389
202;8927602;10000924;9861221;[];0.010000924;3.009861221
203;8927603;9991159;9985003;[];0.009991159;3.009985003
204;8927604;9981404;9981177;[];0.009981404;3.009981177
205;8927605;9971685;658026;[HexBytes('0xa9f726352adc1543789d5c1e38c261b7728876ce6e9821e732e9f2e58eb12390')];0.009971685;3.000658026
206;8927606;9981421;9973487;[];0.009981421;3.009973487
207;8927607;9991167;9647029;[];0.009991167;3.009647029
208;8927608;9981416;563006;[];0.009981416;3.000563006
209;8927609;9972494;7888123;[];0.009972494;3.007888123
210;8927610;9982231;9978457;[];0.009982231;3.009978457
211;8927611;9987100;9309555;[];0.0099871;3.009309555
212;8927612;9990985;9977925;[HexBytes('0x0889c704c8d69dfd4bf1ff7de3776a352e40302abc4951147391f766bb2d55cc')];0.009990985;3.009977925
213;8927613;9995846;6430756;[];0.009995846;3.006430756
214;8927614;9986115;3797134;[];0.009986115;3.003797134
215;8927615;9995866;9988442;[];0.009995866;3.009988442
216;8927616;10000000;9952857;[];0.01;3.009952857
217;8927617;9990236;9984786;[];0.009990236;3.009984786
218;8927618;9980481;6761332;[];0.009980481;3.006761332
219;8927619;9980640;9959687;[];0.00998064;3.009959687
220;8927620;9990385;9977064;[];0.009990385;3.009977064
221;8927621;9995244;9876517;[];0.009995244;3.009876517
222;8927622;9999952;9681396;[];0.009999952;3.009681396
223;8927623;10000000;8618155;[HexBytes('0xcfc78cbd61bad0bd313635f10d332f1efd23222e902b9bf7b2ddcf93c292e424')];0.01;3.008618155
224;8927624;10000000;9991178;[];0.01;3.009991178
225;8927625;10000000;6507881;[HexBytes('0x4e0aeaabdcc6743233a0c544f9a05858349494f6b1b4faf93e284f75ee7b5d65')];0.01;3.006507881
226;8927626;9999769;7992763;[];0.009999769;3.007992763
227;8927627;9990037;9980533;[];0.009990037;3.009980533
228;8927628;9994902;9984315;[];0.009994902;3.009984315
229;8927629;9999768;0;[];0.009999768;3.0
230;8927630;9990004;9986486;[];0.009990004;3.009986486
231;8927631;9999758;9982099;[];0.009999758;3.009982099
232;8927632;10000000;7080295;[];0.01;3.007080295
233;8927633;9990259;9986019;[];0.009990259;3.009986019
234;8927634;9995131;9973304;[];0.009995131;3.009973304
235;8927635;9985372;9721940;[];0.009985372;3.00972194
236;8927636;9989863;9483058;[];0.009989863;3.009483058
237;8927637;9994000;9007226;[];0.009994;3.009007226
238;8927638;9984265;9976271;[];0.009984265;3.009976271
239;8927639;9974534;1746902;[];0.009974534;3.001746902
240;8927640;9984273;7959445;[];0.009984273;3.007959445
241;8927641;9986183;9716518;[HexBytes('0x67cf6893a83cfd8f085ba7c4789ec2e1b5ea1f34bf0fec272d8ef776eaf52d7e')];0.009986183;3.009716518
242;8927642;9995934;9786471;[];0.009995934;3.009786471
243;8927643;9986174;9612249;[];0.009986174;3.009612249
244;8927644;9995925;3556445;[];0.009995925;3.003556445
245;8927645;10000000;7574970;[];0.01;3.00757497
246;8927646;9990236;9915051;[];0.009990236;3.009915051
247;8927647;9980481;5640056;[];0.009980481;3.005640056
248;8927648;9990226;2733768;[];0.009990226;3.002733768
249;8927649;9980491;301296;[];0.009980491;3.000301296
250;8927650;9971187;9389228;[];0.009971187;3.009389228
251;8927651;9975204;4447817;[];0.009975204;3.004447817
252;8927652;9965464;7643064;[];0.009965464;3.007643064
253;8927653;9955734;9948688;[];0.009955734;3.009948688
254;8927654;9960586;7223184;[];0.009960586;3.007223184
255;8927655;9950860;9943350;[];0.00995086;3.00994335
256;8927656;9955709;9946279;[];0.009955709;3.009946279
257;8927657;9946007;9944744;[];0.009946007;3.009944744
258;8927658;9955718;4062192;[];0.009955718;3.004062192
259;8927659;9945997;9183454;[];0.009945997;3.009183454
260;8927660;9955708;9917469;[];0.009955708;3.009917469
261;8927661;9965429;9961775;[];0.009965429;3.009961775
262;8927662;9975159;9964871;[];0.009975159;3.009964871
263;8927663;9980015;9228466;[HexBytes('0xd772213600ca2af470ddf3806860fb32b423afbad6440613130257ce1756b3e6')];0.009980015;3.009228466
264;8927664;9983788;8472295;[];0.009983788;3.008472295
265;8927665;9986450;9137894;[];0.00998645;3.009137894
266;8927666;9976699;8720907;[];0.009976699;3.008720907
267;8927667;9986440;6249877;[];0.00998644;3.006249877
268;8927668;9976689;6815409;[];0.009976689;3.006815409
269;8927669;9966948;7634506;[];0.009966948;3.007634506
270;8927670;9968399;6941531;[];0.009968399;3.006941531
271;8927671;9978132;3708156;[];0.009978132;3.003708156
272;8927672;9973820;4816372;[];0.00997382;3.004816372
273;8927673;9971136;6684975;[];0.009971136;3.006684975
274;8927674;9971192;9970029;[];0.009971192;3.009970029
275;8927675;9976060;9065501;[];0.00997606;3.009065501
276;8927676;9979598;5653971;[];0.009979598;3.005653971
277;8927677;9978136;6900642;[];0.009978136;3.006900642
278;8927678;9978501;9664296;[];0.009978501;3.009664296
279;8927679;9988244;5795229;[];0.009988244;3.005795229
280;8927680;9997997;9978578;[];0.009997997;3.009978578
281;8927681;9988235;303820;[];0.009988235;3.00030382
282;8927682;9978482;9534705;[];0.009978482;3.009534705
283;8927683;9982705;7069110;[];0.009982705;3.00706911
284;8927684;9972958;9957895;[];0.009972958;3.009957895
285;8927685;9977806;6182187;[HexBytes('0xe1e0138758292c2c1cf246eb7323ec3eba1264b78ce106e6f7a6541b152861bd')];0.009977806;3.006182187
286;8927686;9977119;9586382;[];0.009977119;3.009586382
287;8927687;9981419;7140590;[];0.009981419;3.00714059
288;8927688;9982132;6294929;[];0.009982132;3.006294929
289;8927689;9981606;6752703;[];0.009981606;3.006752703
290;8927690;9971870;5237403;[];0.00997187;3.005237403
291;8927691;9981607;4963839;[];0.009981607;3.004963839
292;8927692;9979132;9963801;[];0.009979132;3.009963801
293;8927693;9983983;9944834;[];0.009983983;3.009944834
294;8927694;9988802;9860403;[];0.009988802;3.009860403
295;8927695;9979085;1449299;[];0.009979085;3.001449299
296;8927696;9988829;9986236;[];0.009988829;3.009986236
297;8927697;9993704;9902952;[];0.009993704;3.009902952
298;8927698;9983946;9972503;[];0.009983946;3.009972503
299;8927699;9993694;5147168;[];0.009993694;3.005147168
300;8927700;9991475;9978562;[HexBytes('0xefaf955a65240a28f1b38b76c612a3f93807b263ba023a4d8166a69dde43761e')];0.009991475;3.009978562
301;8927701;10000000;9994566;[];0.01;3.009994566
302;8927702;10000000;9981960;[];0.01;3.00998196
303;8927703;9990236;9933892;[];0.009990236;3.009933892
304;8927704;9995032;7502306;[];0.009995032;3.007502306
305;8927705;10000000;9901765;[];0.01;3.009901765
306;8927706;9990236;9945341;[];0.009990236;3.009945341
307;8927707;9999991;9983163;[];0.009999991;3.009983163
308;8927708;9990227;9979709;[];0.009990227;3.009979709
309;8927709;9980491;9961373;[];0.009980491;3.009961373
310;8927710;9990236;9979991;[];0.009990236;3.009979991
311;8927711;9995100;9955121;[];0.0099951;3.009955121
312;8927712;10000000;9999456;[];0.01;3.009999456
313;8927713;10000000;9998023;[];0.01;3.009998023
314;8927714;9990236;9916451;[];0.009990236;3.009916451
315;8927715;9999991;9986909;[];0.009999991;3.009986909
316;8927716;10000000;9120204;[];0.01;3.009120204
317;8927717;9990236;9154034;[];0.009990236;3.009154034
318;8927718;9999991;7497462;[];0.009999991;3.007497462
319;8927719;10000000;4128005;[];0.01;3.004128005
320;8927720;9990259;517363;[];0.009990259;3.000517363
321;8927721;9981261;9979973;[];0.009981261;3.009979973
322;8927722;9991007;9984735;[];0.009991007;3.009984735
323;8927723;9981268;9974449;[];0.009981268;3.009974449
324;8927724;9971522;9958499;[];0.009971522;3.009958499
325;8927725;9981258;663395;[];0.009981258;3.000663395
326;8927726;9972483;9954270;[];0.009972483;3.00995427
327;8927727;9982220;9964482;[];0.00998222;3.009964482
328;8927728;9987069;9984941;[];0.009987069;3.009984941
329;8927729;9991944;9981241;[];0.009991944;3.009981241
330;8927730;9996808;9986219;[];0.009996808;3.009986219
331;8927731;10000000;0;[];0.01;3.0
332;8927732;9990259;3676492;[];0.009990259;3.003676492
333;8927733;9980528;9965665;[];0.009980528;3.009965665
334;8927734;9985381;9974327;[];0.009985381;3.009974327
335;8927735;9995131;9982545;[];0.009995131;3.009982545
336;8927736;10000000;4441125;[HexBytes('0x9a50c14651fbf4750b18834ac439f8ffcea45ebb07b5209738570f3041ebc656')];0.01;3.004441125
337;8927737;9990259;944914;[];0.009990259;3.000944914
338;8927738;9981888;0;[];0.009981888;3.0
339;8927739;9972142;9957969;[];0.009972142;3.009957969
340;8927740;9962405;9960123;[];0.009962405;3.009960123
341;8927741;9972132;9466420;[];0.009972132;3.00946642
342;8927742;9962395;2379516;[];0.009962395;3.002379516
343;8927743;9952668;9943252;[];0.009952668;3.009943252
344;8927744;9957515;9953611;[];0.009957515;3.009953611
345;8927745;9962372;9946272;[];0.009962372;3.009946272
346;8927746;9972099;9960537;[];0.009972099;3.009960537
347;8927747;9962398;629061;[];0.009962398;3.000629061
348;8927748;9972125;9963800;[];0.009972125;3.0099638
349;8927749;9981862;250480;[];0.009981862;3.00025048
350;8927750;9991608;9968265;[];0.009991608;3.009968265
351;8927751;10000000;9994834;[];0.01;3.009994834
352;8927752;10000000;9987150;[];0.01;3.00998715
353;8927753;10000000;9979717;[];0.01;3.009979717
354;8927754;10000000;9979158;[];0.01;3.009979158
355;8927755;9990236;7273271;[];0.009990236;3.007273271
356;8927756;9991135;9974085;[];0.009991135;3.009974085
357;8927757;9981416;3419214;[];0.009981416;3.003419214
358;8927758;9976678;8664978;[];0.009976678;3.008664978
359;8927759;9979629;7875967;[];0.009979629;3.007875967
360;8927760;9981422;9964218;[];0.009981422;3.009964218
361;8927761;9986272;9969888;[];0.009986272;3.009969888
362;8927762;9996023;6766324;[HexBytes('0xfb6b3e79ef9ad1270cbde868babbb6ff15bb916d4177570b62b20558ab996ea2')];0.009996023;3.006766324
363;8927763;10000000;8997078;[];0.01;3.008997078
364;8927764;9990236;9983306;[];0.009990236;3.009983306
365;8927765;9999991;8998921;[];0.009999991;3.008998921
366;8927766;9990227;8977597;[];0.009990227;3.008977597
367;8927767;9999982;2395500;[];0.009999982;3.0023955
368;8927768;9990222;265709;[];0.009990222;3.000265709
369;8927769;9980491;1704008;[];0.009980491;3.001704008
370;8927770;9990236;8989453;[];0.009990236;3.008989453
371;8927771;9993649;9976600;[];0.009993649;3.0099766
372;8927772;9998505;8982122;[];0.009998505;3.008982122
373;8927773;9988779;1288357;[];0.009988779;3.001288357
374;8927774;9998532;8992753;[];0.009998532;3.008992753
375;8927775;10000000;9987036;[];0.01;3.009987036
376;8927776;10004865;8985655;[];0.010004865;3.008985655
377;8927777;10000027;1516989;[];0.010000027;3.001516989
378;8927778;10000000;9996693;[];0.01;3.009996693
379;8927779;9990259;173905;[];0.009990259;3.000173905
380;8927780;9980758;8934468;[];0.009980758;3.008934468
381;8927781;9971019;9958223;[];0.009971019;3.009958223
382;8927782;9980755;9765875;[];0.009980755;3.009765875
383;8927783;9985315;7974058;[];0.009985315;3.007974058
384;8927784;9975565;95506;[];0.009975565;3.000095506
385;8927785;9985305;3189239;[];0.009985305;3.003189239
386;8927786;9980226;6978056;[];0.009980226;3.006978056
387;8927787;9989971;7971519;[];0.009989971;3.007971519
388;8927788;9980232;302964;[];0.009980232;3.000302964
389;8927789;9970930;9965087;[];0.00997093;3.009965087
390;8927790;9980666;7963246;[];0.009980666;3.007963246
391;8927791;9982585;9980285;[];0.009982585;3.009980285
392;8927792;9992332;7991296;[];0.009992332;3.007991296
393;8927793;9982600;3449611;[HexBytes('0x172644eaa10e1aede05a17afe233a1a17f70ffd952d16396c5758a666d9c8d62')];0.0099826;3.003449611
394;8927794;9977906;9958517;[];0.009977906;3.009958517
395;8927795;9982750;9970311;[];0.00998275;3.009970311
396;8927796;9992497;8976573;[];0.009992497;3.008976573
397;8927797;9982740;7947815;[];0.00998274;3.007947815
398;8927798;9992487;8866986;[];0.009992487;3.008866986
399;8927799;10000000;7950406;[];0.01;3.007950406
400;8927800;9990259;63483;[];0.009990259;3.000063483
401;8927801;10000000;7990578;[];0.01;3.007990578
402;8927802;10000000;9981392;[];0.01;3.009981392
403;8927803;10000000;7993846;[];0.01;3.007993846
404;8927804;10000000;8984632;[];0.01;3.008984632
405;8927805;9990259;1298804;[];0.009990259;3.001298804
406;8927806;9982406;8938795;[];0.009982406;3.008938795
407;8927807;9972684;9969154;[];0.009972684;3.009969154
408;8927808;9982421;7975517;[];0.009982421;3.007975517
409;8927809;9992168;4932395;[];0.009992168;3.004932395
410;8927810;9982412;2714459;[];0.009982412;3.002714459
411;8927811;9992159;8989287;[];0.009992159;3.008989287
412;8927812;10000000;2981229;[];0.01;3.002981229
413;8927813;9994603;9976166;[HexBytes('0x469492a102d5b6a69062d37d588a48618eb477abf46ab724760c678ff2244cf8')];0.009994603;3.009976166
414;8927814;9999457;8992140;[];0.009999457;3.00899214
415;8927815;10000000;7793206;[];0.01;3.007793206
416;8927816;9990236;8978001;[];0.009990236;3.008978001
417;8927817;9999991;9891629;[];0.009999991;3.009891629
418;8927818;10000000;9797944;[];0.01;3.009797944
419;8927819;10000000;6772365;[];0.01;3.006772365
420;8927820;10000000;7150040;[];0.01;3.00715004
421;8927821;9990236;7761769;[];0.009990236;3.007761769
422;8927822;9991850;9676668;[];0.00999185;3.009676668
423;8927823;10000000;4729627;[];0.01;3.004729627
424;8927824;10000000;5906091;[];0.01;3.005906091
425;8927825;9998887;8989930;[];0.009998887;3.00898993
426;8927826;9989124;8973547;[];0.009989124;3.008973547
427;8927827;9998878;9907500;[];0.009998878;3.0099075
428;8927828;9989115;4159735;[];0.009989115;3.004159735
429;8927829;9985455;4984199;[];0.009985455;3.004984199
430;8927830;9975705;9961853;[];0.009975705;3.009961853
431;8927831;9965965;6846823;[];0.009965965;3.006846823
432;8927832;9966263;9955437;[];0.009966263;3.009955437
433;8927833;9975994;8958997;[];0.009975994;3.008958997
434;8927834;9966283;809877;[];0.009966283;3.000809877
435;8927835;9957738;6947315;[];0.009957738;3.006947315
436;8927836;9967461;8958368;[];0.009967461;3.008958368
437;8927837;9977193;5979708;[];0.009977193;3.005979708
438;8927838;9986935;7978889;[];0.009986935;3.007978889
439;8927839;9977198;174055;[];0.009977198;3.000174055
440;8927840;9967710;8956435;[];0.00996771;3.008956435
441;8927841;9977443;9910801;[];0.009977443;3.009910801
442;8927842;9967701;8858785;[];0.009967701;3.008858785
443;8927843;9977434;5926250;[];0.009977434;3.00592625
444;8927844;9967692;5957856;[];0.009967692;3.005957856
445;8927845;9977425;8957523;[];0.009977425;3.008957523
446;8927846;9987167;8952055;[];0.009987167;3.008952055
447;8927847;9977415;9963158;[];0.009977415;3.009963158
448;8927848;9967673;9949719;[];0.009967673;3.009949719
449;8927849;9972514;8387238;[];0.009972514;3.008387238
450;8927850;9962777;7328148;[];0.009962777;3.007328148
451;8927851;9963783;0;[];0.009963783;3.0
452;8927852;9973512;8927510;[];0.009973512;3.00892751
453;8927853;9976851;7092128;[];0.009976851;3.007092128
454;8927854;9977497;7464151;[];0.009977497;3.007464151
455;8927855;9987239;7247793;[];0.009987239;3.007247793
456;8927856;9988103;306870;[];0.009988103;3.00030687
457;8927857;9978799;7231162;[];0.009978799;3.007231162
458;8927858;9969058;4482940;[];0.009969058;3.00448294
459;8927859;9978792;8638934;[];0.009978792;3.008638934
460;8927860;9969049;9962442;[];0.009969049;3.009962442
461;8927861;9978783;3181726;[];0.009978783;3.003181726
462;8927862;9969058;2562856;[];0.009969058;3.002562856
463;8927863;9959324;9949476;[];0.009959324;3.009949476
464;8927864;9969048;9953746;[];0.009969048;3.009953746
465;8927865;9973894;9064690;[];0.009973894;3.00906469
466;8927866;9983633;6082310;[];0.009983633;3.00608231
467;8927867;9993381;7256771;[];0.009993381;3.007256771
468;8927868;10000000;720905;[];0.01;3.000720905
469;8927869;10000000;6287399;[];0.01;3.006287399
470;8927870;9999446;4596520;[];0.009999446;3.00459652
471;8927871;9989682;9974713;[];0.009989682;3.009974713
472;8927872;9994539;9981384;[];0.009994539;3.009981384
473;8927873;9999401;9700160;[];0.009999401;3.00970016
474;8927874;9989667;234505;[];0.009989667;3.000234505
475;8927875;9999421;9427381;[];0.009999421;3.009427381
476;8927876;10000000;6773501;[HexBytes('0x567607d7b23567c756b9284635069b8c92397a58eab0a008a2010dce94c15cb5'), HexBytes('0x7ed3b3906a21220411e55800729f7139b6f366b6de2cded19d33266c826fd9da')];0.01;3.006773501
477;8927877;9990236;914135;[];0.009990236;3.000914135
478;8927878;9981820;9196058;[];0.00998182;3.009196058
479;8927879;9972074;9965802;[];0.009972074;3.009965802
480;8927880;9962337;9959604;[];0.009962337;3.009959604
481;8927881;9967199;6104049;[];0.009967199;3.006104049
482;8927882;9966408;7261303;[];0.009966408;3.007261303
483;8927883;9956700;1104361;[];0.0099567;3.001104361
484;8927884;9966422;9961585;[];0.009966422;3.009961585
485;8927885;9971283;6071741;[];0.009971283;3.006071741
486;8927886;9970441;9957488;[];0.009970441;3.009957488
487;8927887;9960733;2875882;[];0.009960733;3.002875882
488;8927888;9955219;9943029;[];0.009955219;3.009943029
489;8927889;9960063;9940574;[HexBytes('0x381e4ca3d03d3c137b2d9f6cba9f7684defa7f65552eda444002ff4a06df2f14')];0.009960063;3.009940574
490;8927890;9950373;1819319;[];0.009950373;3.001819319
491;8927891;9943322;9923169;[];0.009943322;3.009923169
492;8927892;9948148;0;[];0.009948148;3.0
493;8927893;9957861;9940567;[];0.009957861;3.009940567
494;8927894;9967584;9956562;[];0.009967584;3.009956562
495;8927895;9957884;9937702;[];0.009957884;3.009937702
496;8927896;9967607;9947647;[];0.009967607;3.009947647
497;8927897;9957875;9938536;[];0.009957875;3.009938536
498;8927898;9962710;0;[];0.00996271;3.0
499;8927899;9972438;9967505;[];0.009972438;3.009967505
500;8927900;9977301;9973401;[];0.009977301;3.009973401
501;8927901;9967578;3838922;[];0.009967578;3.003838922
502;8927902;9977310;9964819;[];0.00997731;3.009964819
503;8927903;9967578;134510;[];0.009967578;3.00013451
504;8927904;9977310;9969733;[HexBytes('0x9b3b2619851d9b8d3b4db103700aac2211166a8fbe87db2701bc3f774da1a914')];0.00997731;3.009969733
505;8927905;9967578;2079272;[HexBytes('0x40bd73bae0d53cc39cdbdd7e03bc16c9ef89ecd87ab10c84ca4202cf82625461')];0.009967578;3.002079272
506;8927906;9977310;9961834;[];0.00997731;3.009961834
507;8927907;9987052;9972945;[];0.009987052;3.009972945
508;8927908;9977301;9971288;[HexBytes('0xb6b029a53ce2466b14dd9fb5d8276e0bdcf48b58ea6fb64ba56e8ca064413220')];0.009977301;3.009971288
509;8927909;9967559;9659515;[];0.009967559;3.009659515
510;8927910;9971976;9202125;[];0.009971976;3.009202125
511;8927911;9962239;0;[];0.009962239;3.0
512;8927912;9952512;7779954;[];0.009952512;3.007779954
513;8927913;9962230;6836036;[];0.00996223;3.006836036
514;8927914;9962516;0;[];0.009962516;3.0
515;8927915;9952788;6310812;[];0.009952788;3.006310812
516;8927916;9952314;7259350;[];0.009952314;3.00725935
517;8927917;9942596;6576941;[];0.009942596;3.006576941
518;8927918;9932888;7769821;[];0.009932888;3.007769821
519;8927919;9923215;1336741;[];0.009923215;3.001336741
520;8927920;9913558;1480506;[];0.009913558;3.001480506
521;8927921;9906046;7253041;[];0.009906046;3.007253041
522;8927922;9896374;6575180;[HexBytes('0x361ee6597f9d31979280052f4a38755ac46b1b8abd6b8dd9c0e3df646d2f053b')];0.009896374;3.00657518
523;8927923;9886733;9849465;[];0.009886733;3.009849465
524;8927924;9896387;7549410;[];0.009896387;3.00754941
525;8927925;9886724;7714322;[];0.009886724;3.007714322
526;8927926;9877070;7046717;[];0.00987707;3.007046717
527;8927927;9886714;6105214;[];0.009886714;3.006105214
528;8927928;9877061;2592573;[];0.009877061;3.002592573
529;8927929;9871214;7740082;[];0.009871214;3.007740082
530;8927930;9880852;2688188;[];0.009880852;3.002688188
531;8927931;9890500;4521735;[];0.0098905;3.004521735
532;8927932;9880850;284250;[];0.00988085;3.00028425
533;8927933;9890498;6508077;[];0.009890498;3.006508077
534;8927934;9890374;1794097;[];0.009890374;3.001794097
535;8927935;9880717;9866287;[];0.009880717;3.009866287
536;8927936;9890365;9881229;[];0.009890365;3.009881229
537;8927937;9895182;9885369;[];0.009895182;3.009885369
538;8927938;9900000;9884814;[];0.0099;3.009884814
539;8927939;9890334;2860859;[];0.009890334;3.002860859
540;8927940;9880702;238111;[];0.009880702;3.000238111
541;8927941;9871054;9855482;[];0.009871054;3.009855482
542;8927942;9875852;9856504;[];0.009875852;3.009856504
543;8927943;9880647;9861176;[];0.009880647;3.009861176
544;8927944;9885444;9695273;[];0.009885444;3.009695273
545;8927945;9889994;4090813;[];0.009889994;3.004090813
546;8927946;9899651;5106246;[];0.009899651;3.005106246
547;8927947;9909317;7658397;[];0.009909317;3.007658397
548;8927948;9918993;6262575;[];0.009918993;3.006262575
549;8927949;9928678;6684956;[];0.009928678;3.006684956
550;8927950;9938372;9845870;[];0.009938372;3.00984587
551;8927951;9948076;9083275;[];0.009948076;3.009083275
552;8927952;9957789;6783800;[];0.009957789;3.0067838
553;8927953;9948079;1528325;[HexBytes('0xb3da7964b7cc24d92552d3c1a80fc3479b4f88dc52fe5533f926f7805fb6b6d8')];0.009948079;3.001528325
554;8927954;9957792;0;[];0.009957792;3.0
555;8927955;9948069;6090631;[];0.009948069;3.006090631
556;8927956;9957782;6256868;[];0.009957782;3.006256868
557;8927957;9967505;0;[];0.009967505;3.0
558;8927958;9957773;9941286;[];0.009957773;3.009941286
559;8927959;9962612;8604933;[];0.009962612;3.008604933
560;8927960;9952884;9084575;[];0.009952884;3.009084575
561;8927961;9943166;6259432;[];0.009943166;3.006259432
562;8927962;9952875;1105932;[];0.009952875;3.001105932
563;8927963;9962593;4171748;[];0.009962593;3.004171748
564;8927964;9958975;7561087;[];0.009958975;3.007561087
565;8927965;9949263;596862;[];0.009949263;3.000596862
566;8927966;9940422;7786929;[];0.009940422;3.007786929
567;8927967;9950128;9895330;[];0.009950128;3.00989533
568;8927968;9959843;8763308;[];0.009959843;3.008763308
569;8927969;9962954;9824768;[HexBytes('0x78193c8e2d2b7465d5f2193d76f7e7d9faf3f224fb0d04123fb1cc0c9db4da72')];0.009962954;3.009824768
570;8927970;9972682;9963338;[];0.009972682;3.009963338
571;8927971;9982419;9615942;[];0.009982419;3.009615942
572;8927972;9986757;8352663;[];0.009986757;3.008352663
573;8927973;9996508;9197145;[];0.009996508;3.009197145
574;8927974;9986781;9908091;[];0.009986781;3.009908091
575;8927975;9977030;5097164;[];0.00997703;3.005097164
576;8927976;9974754;4417296;[HexBytes('0xb64e7ddaf03aa5507fd17336833fc7a86eb90715992bad114c2f72c89ab04902')];0.009974754;3.004417296
577;8927977;9971485;3991738;[];0.009971485;3.003991738
578;8927978;9967596;9954708;[];0.009967596;3.009954708
579;8927979;9977328;9856085;[];0.009977328;3.009856085
580;8927980;9982023;9498226;[];0.009982023;3.009498226
581;8927981;9991770;1651360;[];0.00999177;3.00165136
582;8927982;9982014;6887112;[];0.009982014;3.006887112
583;8927983;9972267;5281453;[];0.009972267;3.005281453
584;8927984;9982004;2540345;[];0.009982004;3.002540345
585;8927985;9975978;4261889;[];0.009975978;3.004261889
586;8927986;9966246;9945465;[];0.009966246;3.009945465
587;8927987;9956515;7898040;[HexBytes('0x9c96f48359ab8b4d12514c11eb03b71d9fb26a20c1a25dca4592f9d68dd904fd')];0.009956515;3.00789804
588;8927988;9958362;0;[];0.009958362;3.0
589;8927989;9948671;4082472;[];0.009948671;3.004082472
590;8927990;9944937;8407892;[];0.009944937;3.008407892
591;8927991;9947543;8106795;[];0.009947543;3.008106795
592;8927992;9957256;3209523;[];0.009957256;3.003209523
593;8927993;9952235;9670377;[];0.009952235;3.009670377
594;8927994;9942518;5442068;[];0.009942518;3.005442068
595;8927995;9940781;9922455;[];0.009940781;3.009922455
596;8927996;9950487;9608087;[];0.009950487;3.009608087
597;8927997;9960203;9247955;[];0.009960203;3.009247955
598;8927998;9964024;9933067;[];0.009964024;3.009933067
599;8927999;9954332;9951657;[];0.009954332;3.009951657
600;8928000;9944638;599749;[];0.009944638;3.000599749
601;8928001;9954348;9621435;[];0.009954348;3.009621435
602;8928002;9944638;5019408;[];0.009944638;3.005019408
603;8928003;9942280;8938738;[];0.00994228;3.008938738
604;8928004;9932572;9928737;[];0.009932572;3.009928737
605;8928005;9942270;8553056;[];0.00994227;3.008553056
606;8928006;9945090;6949900;[];0.00994509;3.0069499
607;8928007;9954801;2133206;[];0.009954801;3.002133206
608;8928008;9948205;7058632;[];0.009948205;3.007058632
609;8928009;9957919;8309752;[];0.009957919;3.008309752
610;8928010;9960368;7233707;[];0.009960368;3.007233707
611;8928011;9961239;7747490;[];0.009961239;3.00774749
612;8928012;9970965;4992000;[];0.009970965;3.004992
613;8928013;9961229;5902286;[];0.009961229;3.005902286
614;8928014;9951503;6487342;[];0.009951503;3.006487342
615;8928015;9941786;4439613;[];0.009941786;3.004439613
616;8928016;9938582;5107269;[];0.009938582;3.005107269
617;8928017;9948286;6836265;[];0.009948286;3.006836265
618;8928018;9938572;5501748;[];0.009938572;3.005501748
619;8928019;9948276;9935537;[];0.009948276;3.009935537
620;8928020;9957990;7157085;[HexBytes('0x63f99473c8eb7c4ec727a709442562f9c4c00255ec8813abee0ebd05310c1e02')];0.00995799;3.007157085
621;8928021;9958751;4786036;[];0.009958751;3.004786036
622;8928022;9956037;9335321;[];0.009956037;3.009335321
623;8928023;9965758;9895134;[];0.009965758;3.009895134
624;8928024;9970521;5673221;[];0.009970521;3.005673221
625;8928025;9980256;8011715;[HexBytes('0x2c202d987ccd5c61a147011824ac4608e632385de52b26d386d93ad5268621d9')];0.009980256;3.008011715
626;8928026;9990001;2230907;[];0.009990001;3.002230907
627;8928027;9983514;9978274;[];0.009983514;3.009978274
628;8928028;9988382;5316984;[];0.009988382;3.005316984
629;8928029;9978641;9955969;[];0.009978641;3.009955969
630;8928030;9983481;0;[];0.009983481;3.0
631;8928031;9993229;5663822;[];0.009993229;3.005663822
632;8928032;9991767;4285320;[];0.009991767;3.00428532
633;8928033;10000000;7791907;[];0.01;3.007791907
634;8928034;10000000;4913794;[];0.01;3.004913794
635;8928035;9997433;7365719;[];0.009997433;3.007365719
636;8928036;10000000;9135508;[];0.01;3.009135508
637;8928037;9990236;1181953;[];0.009990236;3.001181953
638;8928038;9980481;9969372;[];0.009980481;3.009969372
639;8928039;9990226;9988449;[];0.009990226;3.009988449
640;8928040;9999981;9996438;[];0.009999981;3.009996438
641;8928041;10000000;9985711;[];0.01;3.009985711
642;8928042;9990236;9989495;[];0.009990236;3.009989495
643;8928043;9999991;9995018;[];0.009999991;3.009995018
644;8928044;9990227;0;[];0.009990227;3.0
645;8928045;9980472;0;[];0.009980472;3.0
646;8928046;9970760;9960446;[];0.00997076;3.009960446
647;8928047;9980496;7462817;[];0.009980496;3.007462817
648;8928048;9970751;9965645;[];0.009970751;3.009965645
649;8928049;9975613;9506139;[];0.009975613;3.009506139
650;8928050;9979798;1345826;[];0.009979798;3.001345826
651;8928051;9970054;9929269;[];0.009970054;3.009929269
652;8928052;9979789;9974532;[];0.009979789;3.009974532
653;8928053;9989533;9973541;[];0.009989533;3.009973541
654;8928054;9979788;171243;[];0.009979788;3.000171243
655;8928055;9989532;9975439;[];0.009989532;3.009975439
656;8928056;9994390;655971;[];0.00999439;3.000655971
657;8928057;9985591;9462073;[];0.009985591;3.009462073
658;8928058;9975841;9968784;[];0.009975841;3.009968784
659;8928059;9966100;9964858;[];0.0099661;3.009964858
660;8928060;9956369;7889432;[];0.009956369;3.007889432
661;8928061;9958203;7249038;[];0.009958203;3.007249038
662;8928062;9948480;6256362;[];0.00994848;3.006256362
663;8928063;9958194;9957042;[];0.009958194;3.009957042
664;8928064;9967917;9959950;[HexBytes('0x5870f2d3296d667d4a39d6bfa20e9a1fd62c8b621b9ea8b5d589d2ee11a4681d')];0.009967917;3.00995995
665;8928065;9972773;9944663;[];0.009972773;3.009944663
666;8928066;9977602;6598819;[];0.009977602;3.006598819
667;8928067;9967860;2934550;[];0.00996786;3.00293455
668;8928068;9977593;8988975;[];0.009977593;3.008988975
669;8928069;9967874;233591;[];0.009967874;3.000233591
670;8928070;9958483;7957668;[];0.009958483;3.007957668
671;8928071;9948759;9938729;[];0.009948759;3.009938729
672;8928072;9939045;9925910;[];0.009939045;3.00992591
673;8928073;9948750;7964021;[];0.00994875;3.007964021
674;8928074;9939051;569127;[];0.009939051;3.000569127
675;8928075;9948756;5883999;[];0.009948756;3.005883999
676;8928076;9958470;4050592;[];0.00995847;3.004050592
677;8928077;9948782;6198244;[];0.009948782;3.006198244
678;8928078;9939068;9934420;[];0.009939068;3.00993442
679;8928079;9929363;7160408;[];0.009929363;3.007160408
680;8928080;9919700;473451;[];0.0099197;3.000473451
681;8928081;9910707;9902249;[];0.009910707;3.009902249
682;8928082;9915535;9895637;[];0.009915535;3.009895637
683;8928083;9920348;9912138;[];0.009920348;3.009912138
684;8928084;9910662;2016262;[HexBytes('0x318d212a5f0b3379121b7dbd3a6472fa124effebafb994a1c0bc569f40c602a1')];0.009910662;3.002016262
685;8928085;9903938;0;[];0.009903938;3.0
686;8928086;9894268;9892248;[];0.009894268;3.009892248
687;8928087;9884607;9870104;[];0.009884607;3.009870104
688;8928088;9889414;8891792;[];0.009889414;3.008891792
689;8928089;9892783;7080018;[];0.009892783;3.007080018
690;8928090;9883124;9862687;[];0.009883124;3.009862687
691;8928091;9873487;435249;[];0.009873487;3.000435249
692;8928092;9863867;9856975;[];0.009863867;3.009856975
693;8928093;9868674;9731149;[];0.009868674;3.009731149
694;8928094;9873292;8680293;[];0.009873292;3.008680293
695;8928095;9882932;6854625;[];0.009882932;3.006854625
696;8928096;9892582;5474817;[];0.009892582;3.005474817
697;8928097;9882959;21483;[];0.009882959;3.000021483
698;8928098;9873340;9856072;[];0.00987334;3.009856072
699;8928099;9863700;9050011;[HexBytes('0x9c41dd4f54d4a5e6442749edebd7e7fd752660e77cf28c2aa4a5ddcc81586051')];0.0098637;3.009050011
700;8928100;9867325;9862474;[];0.009867325;3.009862474
701;8928101;9857690;9837285;[];0.00985769;3.009837285
702;8928102;9862475;8347028;[];0.009862475;3.008347028
703;8928103;9852845;9655475;[];0.009852845;3.009655475
704;8928104;9857368;6176238;[];0.009857368;3.006176238
705;8928105;9856790;6563436;[];0.00985679;3.006563436
706;8928106;9866414;6676638;[];0.009866414;3.006676638
707;8928107;9856780;9837400;[];0.00985678;3.0098374
708;8928108;9847156;5996121;[];0.009847156;3.005996121
709;8928109;9846324;7813285;[];0.009846324;3.007813285
710;8928110;9848155;9141733;[];0.009848155;3.009141733
711;8928111;9857771;7451103;[];0.009857771;3.007451103
712;8928112;9859060;6158342;[];0.00985906;3.006158342
713;8928113;9868686;2096266;[];0.009868686;3.002096266
714;8928114;9862120;9629576;[];0.00986212;3.009629576
715;8928115;9871749;305646;[];0.009871749;3.000305646
716;8928116;9862110;2414732;[];0.00986211;3.002414732
717;8928117;9856018;9847817;[];0.009856018;3.009847817
718;8928118;9865642;5155503;[];0.009865642;3.005155503
719;8928119;9856023;1204386;[];0.009856023;3.001204386
720;8928120;9865647;9847763;[];0.009865647;3.009847763
721;8928121;9870439;0;[];0.009870439;3.0
722;8928122;9860801;8565944;[];0.009860801;3.008565944
723;8928123;9851176;103068;[];0.009851176;3.000103068
724;8928124;9841593;9050959;[];0.009841593;3.009050959
725;8928125;9851202;4452140;[];0.009851202;3.00445214
726;8928126;9841583;9554823;[];0.009841583;3.009554823
727;8928127;9845970;9829628;[HexBytes('0xfbf4e3f9bec3674af8ddaeb1d7ba2b8b82db5926ba2b185e254ceb7af164ac35')];0.00984597;3.009829628
728;8928128;9850754;9841886;[];0.009850754;3.009841886
729;8928129;9860372;9850466;[];0.009860372;3.009850466
730;8928130;9865173;9093786;[];0.009865173;3.009093786
731;8928131;9874805;5007363;[];0.009874805;3.005007363
732;8928132;9872498;9421248;[];0.009872498;3.009421248
733;8928133;9876658;9463119;[];0.009876658;3.009463119
734;8928134;9886302;7708153;[];0.009886302;3.007708153
735;8928135;9887940;8031435;[];0.00988794;3.008031435
736;8928136;9878297;8999163;[];0.009878297;3.008999163
737;8928137;9868677;156083;[HexBytes('0x4f8b110714a99ceeb499a64102486aa6c1562b473811ce7dd9ce70496e007ae3')];0.009868677;3.000156083
738;8928138;9859269;9101681;[];0.009859269;3.009101681
739;8928139;9862974;9861493;[];0.009862974;3.009861493
740;8928140;9872604;9856158;[];0.009872604;3.009856158
741;8928141;9882244;3965264;[];0.009882244;3.003965264
742;8928142;9891893;9877800;[];0.009891893;3.0098778
743;8928143;9901552;9781270;[];0.009901552;3.00978127
744;8928144;9906212;9310549;[];0.009906212;3.009310549
745;8928145;9915885;9688835;[];0.009915885;3.009688835
746;8928146;9925567;7857245;[];0.009925567;3.007857245
747;8928147;9935258;6911755;[];0.009935258;3.006911755
748;8928148;9944959;7425179;[];0.009944959;3.007425179
749;8928149;9946125;7358997;[];0.009946125;3.007358997
750;8928150;9955837;9714920;[];0.009955837;3.00971492
751;8928151;9946118;475175;[HexBytes('0xe3db83c6a076ccf57a995cae8998098b9a77abebb027b9bdbf80e46ba4742d96')];0.009946118;3.000475175
752;8928152;9955830;7039175;[];0.00995583;3.007039175
753;8928153;9946109;9936676;[];0.009946109;3.009936676
754;8928154;9936424;763329;[];0.009936424;3.000763329
755;8928155;9927840;9687731;[];0.00992784;3.009687731
756;8928156;9918183;729993;[];0.009918183;3.000729993
757;8928157;9908499;9903248;[];0.009908499;3.009903248
758;8928158;9913330;9907827;[HexBytes('0x6a4625b7ce8f4da5ce61ce709a9842338325922c645282655034df64d62e0b8c')];0.00991333;3.009907827
759;8928159;9903679;3727486;[];0.009903679;3.003727486
760;8928160;9894009;9890034;[];0.009894009;3.009890034
761;8928161;9884348;9854009;[HexBytes('0x63e0068ff0475debf6d2d6e90126039289fb1caca0db06368ed5808de531f726')];0.009884348;3.009854009
762;8928162;9874708;2441743;[];0.009874708;3.002441743
763;8928163;9865088;9848066;[];0.009865088;3.009848066
764;8928164;9855456;9852488;[];0.009855456;3.009852488
765;8928165;9865079;1640578;[];0.009865079;3.001640578
766;8928166;9855447;9846568;[HexBytes('0xcdda50fd2b58286db4102dba1d841d793309685ee24680fbd776c6cb1bd2778d')];0.009855447;3.009846568
767;8928167;9860247;9855468;[];0.009860247;3.009855468
768;8928168;9850621;6453146;[];0.009850621;3.006453146
769;8928169;9841003;9666580;[];0.009841003;3.00966658
770;8928170;9831394;628295;[];0.009831394;3.000628295
771;8928171;9840993;9444961;[];0.009840993;3.009444961
772;8928172;9845219;6918161;[];0.009845219;3.006918161
773;8928173;9854832;6359427;[];0.009854832;3.006359427
774;8928174;9864454;8852856;[];0.009864454;3.008852856
775;8928175;9867790;266288;[];0.00986779;3.000266288
776;8928176;9858169;9574086;[];0.009858169;3.009574086
777;8928177;9867795;6594184;[];0.009867795;3.006594184
778;8928178;9867819;8724796;[];0.009867819;3.008724796
779;8928179;9877454;9698621;[];0.009877454;3.009698621
780;8928180;9887098;3194935;[];0.009887098;3.003194935
781;8928181;9882124;9874548;[];0.009882124;3.009874548
782;8928182;9872488;2166334;[];0.009872488;3.002166334
783;8928183;9866021;9851499;[];0.009866021;3.009851499
784;8928184;9856393;1093864;[];0.009856393;3.001093864
785;8928185;9848371;9837627;[];0.009848371;3.009837627
786;8928186;9838781;9824366;[];0.009838781;3.009824366
787;8928187;9829198;9815883;[HexBytes('0xfa6f160ff18887b9c1e0e8387888bab955e600141afad6b62284674daaee1fb9')];0.009829198;3.009815883
788;8928188;9819601;9812933;[HexBytes('0x500c10842d84ce7b3d5defe072680a9d6d9be47e340763adceed6c3772545bfd')];0.009819601;3.009812933
789;8928189;9824387;9822221;[];0.009824387;3.009822221
790;8928190;9829182;9471111;[];0.009829182;3.009471111
791;8928191;9838779;6718975;[];0.009838779;3.006718975
792;8928192;9848386;3548960;[];0.009848386;3.00354896
793;8928193;9858002;2674589;[];0.009858002;3.002674589
794;8928194;9848401;9828887;[];0.009848401;3.009828887
795;8928195;9838785;9838720;[];0.009838785;3.00983872
796;8928196;9848392;701160;[];0.009848392;3.00070116
797;8928197;9839803;9829125;[HexBytes('0xea195c23694fc76c7f43baee80cf396c6e3c6f6ac1514ed7acc99ca85a057d41')];0.009839803;3.009829125
798;8928198;9844593;9834916;[];0.009844593;3.009834916
799;8928199;9854205;9847648;[];0.009854205;3.009847648
800;8928200;9844583;9804088;[];0.009844583;3.009804088
801;8928201;9854195;9851139;[];0.009854195;3.009851139
802;8928202;9844573;9843399;[];0.009844573;3.009843399
803;8928203;9854185;9851947;[];0.009854185;3.009851947
804;8928204;9858994;9854231;[HexBytes('0x0370ad1956eebed8d28f066d390a98c7dfda44155623ba4c9dea333d15806706')];0.009858994;3.009854231
805;8928205;9863802;9857141;[];0.009863802;3.009857141
806;8928206;9873433;9869721;[];0.009873433;3.009869721
807;8928207;9878249;9868735;[];0.009878249;3.009868735
808;8928208;9883060;9863924;[];0.00988306;3.009863924
809;8928209;9887859;9874128;[];0.009887859;3.009874128
810;8928210;9892668;9890456;[];0.009892668;3.009890456
811;8928211;9902327;2488522;[];0.009902327;3.002488522
812;8928212;9911996;9910534;[];0.009911996;3.009910534
813;8928213;9902347;291487;[];0.009902347;3.000291487
814;8928214;9912016;9905710;[];0.009912016;3.00990571
815;8928215;9916848;9899463;[HexBytes('0x619da69efadbef4e6fd96ca5acbf4c0ea9bcdf57e8470991c9addf209460c0da')];0.009916848;3.009899463
816;8928216;9907165;9906580;[];0.009907165;3.00990658
817;8928217;9912003;9893854;[];0.009912003;3.009893854
818;8928218;9916817;9612169;[];0.009916817;3.009612169
819;8928219;9926500;9920422;[];0.0099265;3.009920422
820;8928220;9916814;21000;[];0.009916814;3.000021
821;8928221;9907157;9894662;[];0.009907157;3.009894662
822;8928222;9911978;9784617;[];0.009911978;3.009784617
823;8928223;9902300;9674165;[];0.0099023;3.009674165
824;8928224;9911969;0;[];0.009911969;3.0
825;8928225;9902291;9591041;[];0.009902291;3.009591041
826;8928226;9911960;9664745;[];0.00991196;3.009664745
827;8928227;9916439;9695152;[];0.009916439;3.009695152
828;8928228;9920957;9330858;[];0.009920957;3.009330858
829;8928229;9911270;9898091;[];0.00991127;3.009898091
830;8928230;9916092;9911969;[];0.009916092;3.009911969
831;8928231;9925774;9925016;[];0.009925774;3.009925016
832;8928232;9930620;9698661;[HexBytes('0xdcb1474160229f748568a42e0a4a253caeebefd62b2cf5db74b395bbf82b81ef')];0.00993062;3.009698661
833;8928233;9940316;8181430;[];0.009940316;3.00818143
834;8928234;9950022;9938595;[];0.009950022;3.009938595
835;8928235;9959737;9940564;[];0.009959737;3.009940564
836;8928236;9964573;9949045;[];0.009964573;3.009949045
837;8928237;9954850;5001223;[];0.00995485;3.005001223
838;8928238;9945156;243640;[];0.009945156;3.00024364
839;8928239;9954867;9944539;[];0.009954867;3.009944539
840;8928240;9959714;9952441;[];0.009959714;3.009952441
841;8928241;9969439;3583740;[];0.009969439;3.00358374
842;8928242;9964954;9949922;[];0.009964954;3.009949922
843;8928243;9974684;9971750;[];0.009974684;3.00997175
844;8928244;9979552;9975644;[];0.009979552;3.009975644
845;8928245;9984420;0;[];0.00998442;3.0
846;8928246;9994169;0;[];0.009994169;3.0
847;8928247;9984411;9967669;[];0.009984411;3.009967669
848;8928248;9989263;9618432;[];0.009989263;3.009618432
849;8928249;9999017;9332166;[];0.009999017;3.009332166
850;8928250;10000000;6502904;[];0.01;3.006502904
851;8928251;10000000;335223;[];0.01;3.000335223
852;8928252;9990727;7323487;[];0.009990727;3.007323487
853;8928253;9980972;6174890;[];0.009980972;3.00617489
854;8928254;9971226;9970762;[];0.009971226;3.009970762
855;8928255;9961490;4401927;[];0.00996149;3.004401927
856;8928256;9971217;5345644;[];0.009971217;3.005345644
857;8928257;9980953;9957886;[];0.009980953;3.009957886
858;8928258;9985793;9984497;[];0.009985793;3.009984497
859;8928259;9995543;9989161;[];0.009995543;3.009989161
860;8928260;9985783;8004140;[];0.009985783;3.00800414
861;8928261;9987757;7564457;[];0.009987757;3.007564457
862;8928262;9978005;8285566;[];0.009978005;3.008285566
863;8928263;9987748;0;[];0.009987748;3.0
864;8928264;9978012;633615;[];0.009978012;3.000633615
865;8928265;9987755;9976838;[];0.009987755;3.009976838
866;8928266;9997507;9809997;[];0.009997507;3.009809997
867;8928267;9987745;2149617;[];0.009987745;3.002149617
868;8928268;9997497;0;[];0.009997497;3.0
869;8928269;10000000;9983301;[];0.01;3.009983301
870;8928270;9990259;9970811;[];0.009990259;3.009970811
871;8928271;9980528;3900841;[];0.009980528;3.003900841
872;8928272;9976497;9956816;[];0.009976497;3.009956816
873;8928273;9986238;9974722;[];0.009986238;3.009974722
874;8928274;9991098;9986761;[];0.009991098;3.009986761
875;8928275;9995972;9979548;[];0.009995972;3.009979548
876;8928276;9986226;145075;[];0.009986226;3.000145075
877;8928277;9995977;5809416;[];0.009995977;3.005809416
878;8928278;9986217;9965356;[];0.009986217;3.009965356
879;8928279;9991063;0;[];0.009991063;3.0
880;8928280;9981308;9913518;[HexBytes('0x55e6b9e752204c648c6a6a0708a54ebb580c034f3735f9dcc758c70cbf997931')];0.009981308;3.009913518
881;8928281;9986083;8799993;[];0.009986083;3.008799993
882;8928282;9995834;9020431;[];0.009995834;3.009020431
883;8928283;9986074;6852441;[];0.009986074;3.006852441
884;8928284;9995825;9979369;[];0.009995825;3.009979369
885;8928285;10000000;9819203;[];0.01;3.009819203
886;8928286;9990236;1422433;[];0.009990236;3.001422433
887;8928287;9982564;9063450;[];0.009982564;3.00906345
888;8928288;9992311;2598986;[];0.009992311;3.002598986
889;8928289;10000000;564984;[];0.01;3.000564984
890;8928290;9991063;9259868;[];0.009991063;3.009259868
891;8928291;10000000;3154796;[];0.01;3.003154796
892;8928292;9994857;8508342;[];0.009994857;3.008508342
893;8928293;9997561;6697611;[];0.009997561;3.006697611
894;8928294;10000000;2555480;[];0.01;3.00255548
895;8928295;9990236;2242816;[];0.009990236;3.002242816
896;8928296;9983766;4975206;[];0.009983766;3.004975206
897;8928297;9981305;6351307;[];0.009981305;3.006351307
898;8928298;9991051;4340802;[];0.009991051;3.004340802
899;8928299;9981305;9339373;[];0.009981305;3.009339373
900;8928300;9971559;9961082;[];0.009971559;3.009961082
901;8928301;9976414;9267757;[];0.009976414;3.009267757
902;8928302;9980248;8587814;[];0.009980248;3.008587814
903;8928303;9970538;9943645;[];0.009970538;3.009943645
904;8928304;9980273;7286442;[];0.009980273;3.007286442
905;8928305;9981201;5469351;[];0.009981201;3.005469351
906;8928306;9979466;4299124;[];0.009979466;3.004299124
907;8928307;9989210;6615515;[];0.00998921;3.006615515
908;8928308;9998964;3060384;[];0.009998964;3.003060384
909;8928309;9993683;6420688;[];0.009993683;3.006420688
910;8928310;9993330;8984669;[];0.00999333;3.008984669
911;8928311;10000000;6223794;[];0.01;3.006223794
912;8928312;10000000;9851131;[];0.01;3.009851131
913;8928313;10000000;9495894;[];0.01;3.009495894
914;8928314;9990236;9029326;[];0.009990236;3.009029326
915;8928315;9993707;0;[];0.009993707;3.0
916;8928316;9983949;5910513;[];0.009983949;3.005910513
917;8928317;9993697;9974457;[];0.009993697;3.009974457
918;8928318;9983939;9969242;[];0.009983939;3.009969242
919;8928319;9993687;9946273;[];0.009993687;3.009946273
920;8928320;10000000;9021687;[];0.01;3.009021687
921;8928321;9990236;152367;[];0.009990236;3.000152367
922;8928322;9980704;9970626;[];0.009980704;3.009970626
923;8928323;9990449;9471484;[];0.009990449;3.009471484
924;8928324;9994568;5546720;[];0.009994568;3.00554672
925;8928325;9992934;7457814;[];0.009992934;3.007457814
926;8928326;9994101;6188200;[];0.009994101;3.0061882
927;8928327;9984343;6521510;[HexBytes('0x45cba209dcf3e17ff48881cfd10200c21fd0a9fa208cb3ad4d9e574d057c94b9')];0.009984343;3.00652151
928;8928328;9974608;1783016;[];0.009974608;3.001783016
929;8928329;9984347;6197038;[];0.009984347;3.006197038
930;8928330;9994096;5310629;[];0.009994096;3.005310629
931;8928331;9984338;8074248;[];0.009984338;3.008074248
932;8928332;9974608;9258168;[];0.009974608;3.009258168
933;8928333;9964869;6250617;[];0.009964869;3.006250617
934;8928334;9964295;792918;[];0.009964295;3.000792918
935;8928335;9974024;9963651;[];0.009974024;3.009963651
936;8928336;9964285;3810029;[];0.009964285;3.003810029
937;8928337;9974014;2009396;[];0.009974014;3.002009396
938;8928338;9967218;7710537;[];0.009967218;3.007710537
939;8928339;9976950;2947886;[];0.00997695;3.002947886
940;8928340;9971526;869793;[];0.009971526;3.000869793
941;8928341;9963064;8244776;[];0.009963064;3.008244776
942;8928342;9953336;9763223;[];0.009953336;3.009763223
943;8928343;9963055;9441472;[];0.009963055;3.009441472
944;8928344;9953327;5643733;[];0.009953327;3.005643733
945;8928345;9951875;5789835;[];0.009951875;3.005789835
946;8928346;9950639;5870450;[];0.009950639;3.00587045
947;8928347;9949522;9937745;[];0.009949522;3.009937745
948;8928348;9939807;9918895;[];0.009939807;3.009918895
949;8928349;9949512;5811827;[];0.009949512;3.005811827
950;8928350;9939797;9931608;[];0.009939797;3.009931608
951;8928351;9930097;0;[];0.009930097;3.0
952;8928352;9920403;9800381;[];0.009920403;3.009800381
953;8928353;9930089;9926880;[];0.009930089;3.00992688
954;8928354;9939785;7046044;[];0.009939785;3.007046044
955;8928355;9940401;4748575;[];0.009940401;3.004748575
956;8928356;9950107;7042071;[];0.009950107;3.007042071
957;8928357;9959822;3190480;[];0.009959822;3.00319048
958;8928358;9954770;7208487;[];0.00995477;3.007208487
959;8928359;9945050;7314799;[];0.00994505;3.007314799
960;8928360;9954760;5247264;[];0.00995476;3.005247264
961;8928361;9945040;8361265;[];0.00994504;3.008361265
962;8928362;9954750;5159226;[];0.00995475;3.005159226
963;8928363;9945045;0;[];0.009945045;3.0
964;8928364;9954755;9942379;[];0.009954755;3.009942379
965;8928365;9959599;9946956;[];0.009959599;3.009946956
966;8928366;9964444;0;[];0.009964444;3.0
967;8928367;9954715;9946483;[];0.009954715;3.009946483
968;8928368;9945008;67279;[];0.009945008;3.000067279
969;8928369;9935314;9915316;[];0.009935314;3.009915316
970;8928370;9940137;9935760;[];0.009940137;3.00993576
971;8928371;9930467;9919274;[];0.009930467;3.009919274
972;8928372;9935301;9918095;[HexBytes('0x407c24e05061ecf42cae42ab30f99c450fe04490db43793e0d1731ed9c323c1d')];0.009935301;3.009918095
973;8928373;9925600;3150331;[];0.0099256;3.003150331
974;8928374;9915909;9900271;[];0.009915909;3.009900271
975;8928375;9920729;9420231;[];0.009920729;3.009420231
976;8928376;9911079;9875395;[];0.009911079;3.009875395
977;8928377;9920756;8710521;[];0.009920756;3.008710521
978;8928378;9923828;9657382;[];0.009923828;3.009657382
979;8928379;9933518;497121;[];0.009933518;3.000497121
980;8928380;9924547;9414249;[];0.009924547;3.009414249
981;8928381;9928647;9916799;[];0.009928647;3.009916799
982;8928382;9938341;9484932;[];0.009938341;3.009484932
983;8928383;9948045;9931985;[];0.009948045;3.009931985
984;8928384;9952880;9943965;[];0.00995288;3.009943965
985;8928385;9943162;9457217;[];0.009943162;3.009457217
986;8928386;9933453;8686629;[HexBytes('0x0cc60e7f9befebcf7316d8a023d726ce2d8b0d0743ea52c88842b0a29ba021a8')];0.009933453;3.008686629
987;8928387;9936478;7527724;[];0.009936478;3.007527724
988;8928388;9937802;8500648;[];0.009937802;3.008500648
989;8928389;9928099;5677783;[];0.009928099;3.005677783
990;8928390;9918405;4050144;[];0.009918405;3.004050144
991;8928391;9928089;9077654;[];0.009928089;3.009077654
992;8928392;9937783;8585196;[];0.009937783;3.008585196
993;8928393;9940655;5203329;[HexBytes('0x6aa9defd21184d01abe3a473e50b6c4a69ccdb5fbb63b04685592145b8c3af74')];0.009940655;3.005203329
994;8928394;9930985;873216;[HexBytes('0x31964cbaa1a8265721b7e0638d5880093594b47fcdb5bc48925058972a04d953')];0.009930985;3.000873216
995;8928395;9940682;7376567;[];0.009940682;3.007376567
996;8928396;9950388;7042923;[];0.009950388;3.007042923
997;8928397;9940672;5335647;[];0.009940672;3.005335647
998;8928398;9930985;9616332;[];0.009930985;3.009616332
999;8928399;9940682;2854200;[];0.009940682;3.0028542
